year,actual,predicted
2016,206.9,196.0
2016,206.9,196.0
2016,206.9,196.0
2016,206.9,196.0
2016,206.9,196.0
2016,206.9,196.0
2019,186.5,201.3410000000001
2019,186.5,201.3410000000001
2019,186.5,201.3410000000001
2019,186.5,201.3410000000001
2019,186.5,201.3410000000001
2019,186.5,201.3410000000001
2020,197.0,199.419
2020,197.0,199.419
2020,197.0,199.419
2020,197.0,199.419
2020,197.0,199.514
2020,197.0,199.419
