year,actual,predicted
2016,206.9,196.0
2016,206.9,196.0
2016,206.9,196.0
2016,206.9,196.0
2016,206.9,196.0
2016,206.9,196.0
2019,186.5,204.46436904761904
2019,186.5,204.46436904761904
2019,186.5,204.46436904761904
2019,186.5,204.46436904761904
2019,186.5,204.46436904761904
2019,186.5,204.46436904761904
2020,197.0,198.79139080086574
2020,197.0,192.99581976911975
2020,197.0,192.99581976911975
2020,197.0,186.75632954545455
2020,197.0,186.75632954545455
2020,197.0,186.75632954545455
